speaker,total_duration
ho-chi-minh_3527763,1175.6105000000002
ho-chi-minh_3597086,1157.5040000000006
long-an_0351438,1149.9231249999996
ho-chi-minh_3522403,1114.976
ho-chi-minh_3650486,1112.7039999999997
ho-chi-minh_3650483,1112.2879999999993
an-giang_3567120,1055.0466250000002
đong-nai_0320223,1050.0799999999995
ho-chi-minh_3550017,1047.9412499999996
ho-chi-minh_3568458,1043.369125
ho-chi-minh_3595510,1039.104
an-giang_0373614,1038.9876250000002
soc-trang_3644441,1037.9840000000002
ho-chi-minh_3612093,1034.2719999999997
ho-chi-minh_3500768,1031.9465000000005
ho-chi-minh_3600893,1027.4138750000002
can-tho_0332405,1019.9834999999997
ho-chi-minh_3605966,1009.2160000000003
ho-chi-minh_3575419,1006.9462500000004
ho-chi-minh_0321442,1002.6143750000003
can-tho_0321597,1001.2146250000001
ho-chi-minh_3630605,1000.8960000000008
long-an_0367784,998.3567499999994
an-giang_0324804,995.4957500000002
an-giang_3616919,991.4571250000007
ho-chi-minh_3611715,989.4264999999996
ho-chi-minh_3579436,986.9843749999997
ho-chi-minh_3596898,984.9142499999998
ho-chi-minh_3582788,975.3279999999995
ho-chi-minh_3550536,973.3439999999997
ho-chi-minh_3574834,969.8146250000007
ho-chi-minh_3503091,968.1956249999998
ho-chi-minh_3644851,963.1680000000001
an-giang_3523175,960.2198749999999
ho-chi-minh_3531432,957.10625
soc-trang_3644287,956.6916249999992
ho-chi-minh_3626243,956.478625
đong-nai_3524309,956.3506250000002
ho-chi-minh_0316215,955.902125
an-giang_0373610,950.9131249999996
ben-tre_0309326,949.0557500000001
ho-chi-minh_3526476,947.0720000000006
an-giang_0324791,943.5503750000005
soc-trang_3631973,942.7839999999999
ho-chi-minh_3581240,942.4466250000007
an-giang_3520715,937.265125
ho-chi-minh_0948175,935.8132499999995
ben-tre_3549342,933.1199999999997
ben-tre_3607966,932.9746250000005
ho-chi-minh_3607475,932.7281249999995
ho-chi-minh_3577342,931.6298750000002
ho-chi-minh_0375166,931.2221249999994
can-tho_3644836,923.4091249999999
ho-chi-minh_3549581,922.9346249999996
soc-trang_0950370,922.9012499999998
ho-chi-minh_3591966,921.7919999999995
đong-nai_0331714,921.5039999999999
ho-chi-minh_3646648,921.4638749999998
ho-chi-minh_3636802,916.0273750000005
an-giang_0362634,915.8080000000001
an-giang_0321496,915.1679999999994
ho-chi-minh_0986908,914.3666249999998
ben-tre_0369644,914.2866250000003
ho-chi-minh_0336169,913.6306250000001
vinh-long_3609851,912.0665000000002
an-giang_0308490,910.0447500000001
hau-giang_0317516,909.5040000000005
ho-chi-minh_3510169,909.0772500000003
an-giang_0321486,907.3652500000003
an-giang_3594518,906.688
ho-chi-minh_0080304,905.9517499999995
an-giang_3520719,901.9478749999997
ho-chi-minh_3549354,900.6400000000004
ho-chi-minh_3503130,900.5172500000002
an-giang_0348999,899.302625
ho-chi-minh_3633549,899.1732499999999
ho-chi-minh_0350787,898.7986250000004
ho-chi-minh_0335643,898.774625
can-tho_3627660,897.5892499999995
an-giang_0950632,896.6132499999998
vinh-long_3630482,895.8399999999998
an-giang_3502244,893.6223750000007
vinh-long_0320175,891.4879999999999
ho-chi-minh_0350792,887.9940000000006
ho-chi-minh_3559874,886.8552499999997
ho-chi-minh_3501262,886.1666249999998
ho-chi-minh_3547345,885.9586250000002
hau-giang_0312669,885.0555000000004
đong-nai_0363979,883.8955
đong-nai_3500432,881.7026250000004
ho-chi-minh_3650713,881.3120000000001
ho-chi-minh_3551550,881.2480000000005
an-giang_0314920,880.9026250000001
can-tho_0314913,880.662625
soc-trang_3644291,880.5120000000003
ho-chi-minh_0978922,879.9506249999997
ho-chi-minh_3545282,879.3599999999996
ho-chi-minh_3624178,878.7839999999998
hau-giang_3502729,877.725
ho-chi-minh_3502901,877.2838750000003
hau-giang_3540685,877.2786250000004
ho-chi-minh_0996470,875.3280000000001
ho-chi-minh_3547583,874.0706249999998
ho-chi-minh_0332508,872.2344999999998
an-giang_3533629,872.1318749999999
an-giang_0951768,870.6706249999999
ho-chi-minh_0349250,870.6072499999996
ho-chi-minh_3540345,869.312
an-giang_3624138,869.2480000000003
long-an_3636703,869.1812499999996
long-an_3650682,868.0639999999997
ho-chi-minh_0981102,867.4132499999997
an-giang_0322950,865.419875
ho-chi-minh_0335649,864.8640000000001
soc-trang_3644835,864.3997499999999
vinh-long_0952888,863.4132500000001
đong-nai_0331716,861.3439999999997
ben-tre_3581251,860.7983750000001
ho-chi-minh_3650504,859.7901249999995
can-tho_0350836,859.6066250000002
ho-chi-minh_3648235,858.893
ho-chi-minh_0320749,858.190125
ho-chi-minh_3612522,857.5283749999999
can-tho_3540439,857.1199999999999
ho-chi-minh_3647807,856.704
hau-giang_3637784,856.3222499999996
an-giang_0320356,855.6159999999998
hau-giang_0373449,855.27975
an-giang_0330655,854.8786249999999
ho-chi-minh_3647395,854.7106249999999
ho-chi-minh_3505975,853.7266249999998
an-giang_0375302,853.5412500000002
ho-chi-minh_3593237,852.9280000000003
an-giang_3544013,851.3026249999997
ben-tre_0377167,848.672
ho-chi-minh_3650956,847.7439999999995
ho-chi-minh_3616563,844.6080000000004
ho-chi-minh_3607836,844.5972500000004
vinh-long_3644732,844.5266250000002
can-tho_3649440,844.5236249999996
đong-nai_0356293,843.5608749999997
soc-trang_3619225,842.8918749999998
hau-giang_0357697,842.4000000000001
ben-tre_3578041,842.0977500000002
đong-nai_3647332,841.6877499999999
an-giang_3503234,840.923625
soc-trang_0995863,840.3048750000003
an-giang_0369718,840.2239999999994
ho-chi-minh_3559626,840.10125
soc-trang_3644290,839.9771250000001
can-tho_0364465,839.2319999999999
ho-chi-minh_3648752,839.1663750000001
ho-chi-minh_3513362,838.886625
can-tho_0950576,837.6960000000006
ho-chi-minh_3501249,837.5346250000006
ho-chi-minh_3644107,837.3736249999998
ho-chi-minh_3645351,836.8546250000002
ho-chi-minh_0333647,836.590625
long-an_3565934,836.5306249999998
ho-chi-minh_3645818,836.0959999999997
can-tho_3560653,835.4996249999999
ho-chi-minh_0360316,835.1131250000003
an-giang_0330407,835.08525
ho-chi-minh_0310721,834.9172500000005
ho-chi-minh_3647814,834.8941249999998
ho-chi-minh_3647108,834.8886249999999
can-tho_3630895,834.5465000000002
can-tho_0378644,834.2985000000004
an-giang_3632567,833.1840000000001
ho-chi-minh_3541995,833.1702499999998
ho-chi-minh_3648014,832.9192499999996
ben-tre_3587334,831.8400000000003
ho-chi-minh_3622538,831.136
can-tho_3526468,830.6932500000001
ho-chi-minh_3508710,830.6880000000001
ho-chi-minh_3637732,830.4320000000004
ho-chi-minh_3648151,830.3892500000002
an-giang_0324719,830.0648749999998
can-tho_3502218,829.9157500000002
ho-chi-minh_3631894,829.2996249999995
ho-chi-minh_3542880,829.0998750000001
can-tho_0300992,829.0786250000002
hau-giang_3638746,828.7679999999998
ho-chi-minh_0359497,828.5597499999998
vinh-long_3535136,828.5062499999997
ho-chi-minh_0948054,828.4800000000002
long-an_3612025,828.3581250000002
ho-chi-minh_3636975,828.2647500000004
đong-nai_3645156,827.2319999999997
ho-chi-minh_0342917,827.1999999999996
long-an_3648115,826.3485
ho-chi-minh_3600443,825.4861250000002
ho-chi-minh_0349248,825.4425000000001
hau-giang_3543605,825.2160000000006
hau-giang_0364101,824.2866249999997
ho-chi-minh_0368793,823.6566250000005
ho-chi-minh_3624343,823.6479999999998
ho-chi-minh_3567052,823.4786250000004
đong-nai_3646865,823.1270000000001
đong-nai_3591245,823.0618750000002
hau-giang_0300300,822.9798749999997
can-tho_0324774,822.3931249999995
ho-chi-minh_3645777,822.2344999999996
vinh-long_0312149,822.176
ho-chi-minh_3648456,821.8066249999996
ho-chi-minh_0364911,821.7826249999998
can-tho_0314888,821.4399999999994
an-giang_0377986,821.3119999999998
ho-chi-minh_0943711,821.2159999999996
ho-chi-minh_3545390,820.84925
ho-chi-minh_0365805,820.7144999999996
an-giang_3549967,820.6506249999998
vinh-long_0997249,819.6692499999998
soc-trang_0335359,819.5754999999996
can-tho_0954550,819.4560000000001
ho-chi-minh_3650443,818.982625
an-giang_3562578,818.14875
vinh-long_3549832,817.4452499999999
ho-chi-minh_3632008,816.5238749999995
ho-chi-minh_3522483,815.9489999999996
can-tho_0330571,815.6291249999999
ho-chi-minh_3563688,814.1892500000001
long-an_3645405,813.9238749999995
ho-chi-minh_0310720,813.8243749999998
can-tho_3514838,813.6025000000006
ben-tre_3624579,812.8319999999994
an-giang_3544007,812.32
an-giang_0950365,812.2240000000005
ho-chi-minh_3521224,811.7906249999993
ho-chi-minh_0363519,811.5010000000001
vinh-long_3645154,810.72
ho-chi-minh_3619189,810.3039999999997
ben-tre_3650271,809.8879999999998
ho-chi-minh_0351477,809.0941249999998
an-giang_3620245,808.9812499999999
an-giang_0310658,808.3834999999997
can-tho_0998975,808.0058750000001
soc-trang_3577042,807.2171249999999
vinh-long_3645155,807.0491250000005
ho-chi-minh_3529547,806.6052499999996
an-giang_0358507,806.3679999999999
an-giang_3534870,806.3089999999999
vinh-long_3517470,806.2091249999995
soc-trang_0321133,805.438625
ho-chi-minh_3629330,805.1716249999998
ho-chi-minh_3582591,804.8959999999995
an-giang_3517347,804.3944999999998
ho-chi-minh_3504003,803.8278749999998
long-an_3590211,803.8079999999998
ho-chi-minh_0963099,803.5857499999997
ho-chi-minh_0306454,802.8479999999997
ho-chi-minh_3646265,802.846125
ho-chi-minh_3548934,802.4118749999998
ho-chi-minh_0981475,802.4038749999999
đong-nai_0320171,802.2080000000002
vinh-long_3567315,801.5117500000001
đong-nai_0365969,801.2706250000006
ho-chi-minh_3648658,801.1986249999999
ho-chi-minh_3612027,800.8154999999999
ho-chi-minh_3548734,800.7999999999998
vinh-long_0321360,800.5716250000004
an-giang_3503653,800.4452499999999
an-giang_3588497,800.1279999999992
ben-tre_3530015,799.9992500000001
ho-chi-minh_3596896,799.5385000000001
ho-chi-minh_3521967,799.3884999999999
vinh-long_3584656,799.0399999999998
ho-chi-minh_3541987,799.01325
an-giang_3599575,798.4721249999998
đong-nai_0371179,798.3999999999999
ho-chi-minh_3644540,797.5666250000005
long-an_0963120,797.2731250000002
vinh-long_0322904,796.4345000000003
ho-chi-minh_3526589,796.256
ben-tre_3572846,795.7906249999997
ho-chi-minh_3564333,795.5746250000004
long-an_0330589,795.4386250000003
vinh-long_0357087,795.0223749999994
an-giang_3627661,794.8905000000001
vinh-long_0348593,794.6052499999997
ho-chi-minh_3503099,794.5332499999995
long-an_0336535,794.3245000000001
ho-chi-minh_3509218,794.2610000000002
ho-chi-minh_3514038,793.8558749999997
ho-chi-minh_3641759,793.7920000000003
ho-chi-minh_3562964,793.4003750000004
ho-chi-minh_0966158,792.8
can-tho_3517466,792.4998750000001
hau-giang_0934896,791.6799999999993
vinh-long_3646468,790.8127499999997
đong-nai_3635691,790.5920000000004
ho-chi-minh_0368788,790.4143750000003
an-giang_0316088,790.270625
can-tho_3633243,789.558375
long-an_0369503,789.344
ho-chi-minh_3630056,789.1519999999999
đong-nai_3517299,788.8959999999995
hau-giang_0310228,788.5412500000001
ho-chi-minh_3557243,788.4306250000001
đong-nai_0916387,788.2880000000001
an-giang_3631028,787.79725
hau-giang_3533700,787.3798750000004
ho-chi-minh_3637472,787.0306249999999
ho-chi-minh_0315789,786.2516250000001
ho-chi-minh_3503136,785.6971250000001
can-tho_3619226,785.5903750000003
ho-chi-minh_3545478,785.5481250000001
an-giang_0369019,785.4863749999995
ho-chi-minh_0997167,785.1076249999999
đong-nai_3644730,785.0557499999996
ho-chi-minh_0963205,784.7666249999997
ho-chi-minh_3644916,784.6292499999998
ho-chi-minh_3570608,783.8399999999999
ho-chi-minh_3645014,783.2447500000002
ho-chi-minh_0304475,782.6240000000004
ho-chi-minh_3650460,782.0171249999996
ho-chi-minh_3563754,781.6319999999996
can-tho_0990508,780.9600000000005
đong-nai_3619316,780.8946250000001
an-giang_3504800,780.4479999999999
ben-tre_0963185,779.9040000000002
ho-chi-minh_0308296,779.8373749999997
đong-nai_3500680,779.6988749999996
ho-chi-minh_0350795,779.6425000000004
can-tho_3534153,778.1012500000004
ho-chi-minh_0963112,777.6623749999998
ho-chi-minh_0376482,777.6452499999995
vinh-long_3631377,777.45325
ho-chi-minh_0300748,777.3859999999997
can-tho_0988563,777.2985000000003
ho-chi-minh_3526902,776.9826250000002
đong-nai_3599465,776.7035
ho-chi-minh_3558364,776.5440000000004
ho-chi-minh_3625030,776.3200000000004
an-giang_0356518,776.2559999999996
hau-giang_0300842,775.922
can-tho_0934594,775.8706249999998
ho-chi-minh_3567763,775.8467500000003
an-giang_3599510,775.4879999999996
ho-chi-minh_3560822,774.6560000000002
an-giang_0331463,773.9199999999997
an-giang_0956286,773.5092500000001
vinh-long_0954730,772.3782500000001
ho-chi-minh_3636672,772.352
hau-giang_3645116,772.0678749999997
ho-chi-minh_3503991,771.3744999999997
ho-chi-minh_3614649,771.0786249999999
ho-chi-minh_0367648,770.5599999999997
an-giang_3592872,770.2720000000003
ben-tre_3646276,770.2265000000002
ho-chi-minh_0999993,769.8497499999999
can-tho_0307102,769.7599999999998
can-tho_3534114,769.664
an-giang_3608233,769.312
an-giang_3630071,769.2466250000002
ben-tre_3582800,769.1839999999996
ho-chi-minh_0350809,768.8861250000001
soc-trang_0301566,768.48525
ho-chi-minh_3546436,768.136875
can-tho_3522171,767.8011249999997
ho-chi-minh_3520879,767.2985000000004
ho-chi-minh_3612021,767.2532500000001
ho-chi-minh_0305814,767.1848750000001
ho-chi-minh_3518928,766.6879999999999
vinh-long_3648399,766.0800000000003
ho-chi-minh_3649258,766.0424999999998
long-an_3500867,765.290375
đong-nai_3577912,765.2088749999997
ho-chi-minh_0351257,764.977125
ho-chi-minh_3512760,764.6066249999997
ho-chi-minh_0963125,764.5012499999999
an-giang_3616961,764.3519999999996
đong-nai_0332830,764.259875
an-giang_3628040,764.0781249999999
hau-giang_0934707,763.946
ho-chi-minh_0990287,762.4052500000001
ben-tre_0352044,762.299875
ho-chi-minh_3506989,760.6584999999999
ho-chi-minh_3558359,760.1506250000001
an-giang_0964685,759.6833749999998
soc-trang_0320081,759.6532499999998
ho-chi-minh_0957947,759.4185000000006
ho-chi-minh_3531372,758.8926250000003
soc-trang_3561058,758.6278750000002
ho-chi-minh_3632471,758.4306249999998
hau-giang_3520050,758.3727499999998
an-giang_3558520,758.2701249999999
ho-chi-minh_3502439,758.2612499999998
ho-chi-minh_3590544,758.2082499999999
soc-trang_0375294,758.1698750000002
long-an_3582673,757.8064999999996
ben-tre_0938192,757.6
ho-chi-minh_3532220,757.2786250000001
ho-chi-minh_0934758,757.1199999999999
đong-nai_3571143,756.8960000000001
ho-chi-minh_3546967,756.8742499999996
đong-nai_3636983,756.8626249999999
ho-chi-minh_0307568,755.9999999999998
ho-chi-minh_3577325,755.9999999999997
vinh-long_3556046,755.9558749999992
an-giang_0934078,755.918625
ho-chi-minh_3648228,755.9186249999996
ho-chi-minh_3507096,755.8477500000001
ho-chi-minh_3640031,755.4533749999998
ho-chi-minh_3530808,755.251375
ho-chi-minh_3632013,754.3729999999999
vinh-long_3557378,754.2797499999996
ho-chi-minh_3605979,754.2226250000002
an-giang_0349529,754.1939999999997
ho-chi-minh_3530902,753.9242499999997
ho-chi-minh_3648746,753.6450000000003
đong-nai_3615613,753.6386249999997
đong-nai_3649879,753.6287499999999
vinh-long_3633983,753.3572499999997
an-giang_3636665,753.0463750000001
hau-giang_3648719,752.9920000000001
đong-nai_3626841,752.8502500000003
ho-chi-minh_3634312,752.3131249999999
long-an_0374507,752.035875
long-an_3627659,752.0226250000003
ho-chi-minh_3636991,751.854625
ho-chi-minh_3549900,751.4559999999996
đong-nai_3618241,751.2639999999998
an-giang_0304670,750.904125
ho-chi-minh_3645175,750.89325
ho-chi-minh_0981797,750.39975
ho-chi-minh_3638958,750.1172499999998
ho-chi-minh_0961982,749.8560000000003
đong-nai_0331706,749.6477500000002
ho-chi-minh_3501094,749.6038749999998
đong-nai_0320896,749.3064999999999
ho-chi-minh_3541985,749.2292499999995
ho-chi-minh_3515170,749.1840000000003
an-giang_3649709,748.4480000000003
long-an_3601948,748.1920000000002
ho-chi-minh_0320736,748.1224999999997
soc-trang_3650573,748.0319999999997
vinh-long_0999117,748.014625
ho-chi-minh_0356050,747.9986249999998
an-giang_0332649,747.8720000000002
hau-giang_3508171,747.8066250000004
ho-chi-minh_3648936,747.7558750000007
an-giang_3509594,747.7151250000003
ho-chi-minh_3583425,747.480625
ben-tre_3567274,747.3625000000003
ho-chi-minh_3564113,747.3297500000002
ho-chi-minh_3647053,747.2918750000003
ben-tre_3647576,747.1412499999998
an-giang_0963044,747.08525
hau-giang_0317235,747.0719999999999
can-tho_3623296,746.1759999999998
soc-trang_3512812,745.5958750000002
long-an_0961786,745.5359999999997
soc-trang_3586371,745.5332500000003
soc-trang_3644284,744.9586249999995
ho-chi-minh_3644509,744.5652500000003
hau-giang_3643273,744.2801249999999
an-giang_3503624,744.1885000000002
ho-chi-minh_3650501,743.9506249999997
ben-tre_3520920,743.4783750000004
soc-trang_3633091,743.3106249999997
soc-trang_3500459,743.118625
ho-chi-minh_0354354,742.8050000000001
ho-chi-minh_3634576,742.555625
ho-chi-minh_0375165,741.7826250000002
ho-chi-minh_3500749,741.6132500000002
ho-chi-minh_0361976,741.5112499999999
an-giang_3632597,741.3439999999998
đong-nai_3500381,741.3412499999998
đong-nai_3647333,741.2518749999998
ho-chi-minh_3649438,740.9889999999994
vinh-long_3641614,740.8546250000003
can-tho_0934907,740.8290000000004
ho-chi-minh_3650260,740.7145
an-giang_3553060,740.58325
ho-chi-minh_0909239,740.5288750000001
can-tho_0329010,740.1208749999996
an-giang_3506054,740.1106249999998
ho-chi-minh_3576500,740.0960000000003
an-giang_3650979,739.8719999999996
ho-chi-minh_0966068,739.6479999999992
ho-chi-minh_3595240,739.33525
long-an_0964763,738.7892500000004
can-tho_3605931,738.50575
ho-chi-minh_3573584,738.5009999999996
ho-chi-minh_3651296,738.4866250000002
ho-chi-minh_3647321,738.3906250000007
ho-chi-minh_3006452,738.3826250000003
ho-chi-minh_0372580,738.3126249999998
ho-chi-minh_3529760,737.8264999999999
đong-nai_3558141,737.8052500000008
ho-chi-minh_3651341,737.6783749999998
ho-chi-minh_3522264,737.3928750000001
an-giang_3632064,737.1638750000001
long-an_3633093,737.0303749999999
vinh-long_0326607,736.5341250000002
đong-nai_3633168,736.4626250000001
vinh-long_0358406,736.379625
ho-chi-minh_0949116,736.2239999999994
ho-chi-minh_3613511,736.1225
an-giang_3520709,735.9480000000002
ben-tre_0306186,735.9291249999998
ho-chi-minh_3515172,735.798375
đong-nai_3638845,734.9746250000005
hau-giang_0321117,734.8479999999998
ho-chi-minh_3545398,734.81325
soc-trang_0333725,734.2984999999999
ho-chi-minh_3528781,734.2720000000004
an-giang_3547252,733.984375
ho-chi-minh_3597138,733.9199999999996
ho-chi-minh_3510785,733.9186250000002
can-tho_0950392,733.7835000000002
ben-tre_0357342,733.7600000000002
ho-chi-minh_3579608,733.6957499999999
hau-giang_3517340,733.312
an-giang_3625675,733.1519999999996
can-tho_0990711,732.8652500000001
ho-chi-minh_0957673,732.8149999999997
ho-chi-minh_3503332,732.2880000000001
soc-trang_0359629,732.2756250000003
ho-chi-minh_0373465,732.2692499999998
long-an_3578416,732.2597499999999
ho-chi-minh_3531747,731.6799999999998
can-tho_0301404,731.5185000000005
ho-chi-minh_3599474,731.3942499999996
đong-nai_0963160,731.3280000000003
an-giang_0372532,731.1999999999998
long-an_3640185,730.883875
can-tho_0940477,730.3849999999995
ho-chi-minh_0362817,730.3377500000003
ho-chi-minh_3648688,730.1352500000005
ho-chi-minh_3648088,729.9558750000002
an-giang_0310050,729.8825
ho-chi-minh_3570797,729.7599999999998
ho-chi-minh_3644502,729.5697500000005
long-an_0304476,729.5492499999999
đong-nai_0957440,729.5039999999999
hau-giang_0308041,729.0866249999999
ho-chi-minh_3543929,728.4731250000003
vinh-long_0995097,728.4641249999996
an-giang_0321156,728.4593749999998
hau-giang_0317647,728.3170000000002
long-an_3643228,728.2932500000004
ho-chi-minh_3592139,728.2477500000001
hau-giang_3635505,728.1506250000003
ho-chi-minh_0952416,727.9746250000003
soc-trang_0330588,727.9263750000003
an-giang_3631140,727.2170000000004
an-giang_0358268,726.9346249999999
long-an_0316212,726.9131250000004
an-giang_0321228,726.7798750000002
ho-chi-minh_3581248,726.7200000000004
ho-chi-minh_0369649,726.6223749999995
vinh-long_3619360,726.3732500000004
long-an_3641659,726.1119999999999
ho-chi-minh_3573782,725.9812500000002
an-giang_3582640,725.942625
soc-trang_0329435,725.5172500000004
an-giang_0957151,725.0239999999999
đong-nai_3530419,724.5718750000004
ho-chi-minh_3506903,724.5304999999996
an-giang_3575637,724.3839999999998
ho-chi-minh_3545973,724.1318749999997
ho-chi-minh_0938625,723.9318749999998
ho-chi-minh_3511509,723.7864999999999
an-giang_3635980,723.5752499999996
ho-chi-minh_3636985,723.2756249999999
can-tho_0324763,723.2118750000001
ben-tre_3625676,722.8197499999997
hau-giang_0331273,722.6424999999999
ho-chi-minh_0374266,722.5841249999999
soc-trang_3585084,722.534625
ho-chi-minh_3647056,722.3679999999999
ben-tre_3649251,722.3542500000001
ho-chi-minh_3526301,722.2720000000002
hau-giang_0350652,721.915875
ho-chi-minh_3521525,721.6483750000002
an-giang_3542030,721.3678750000001
ho-chi-minh_3508696,721.1346249999996
can-tho_0363532,720.4913749999998
ho-chi-minh_3620922,720.4159999999999
long-an_0309648,720.2543750000003
ho-chi-minh_3581152,720.1919999999998
ho-chi-minh_3548404,720.1051250000003
hau-giang_0322660,720.0607500000002
ho-chi-minh_0998174,719.9878749999998
can-tho_0955031,719.7986250000001
an-giang_3517348,719.7332500000001
long-an_3650321,719.4025000000003
ho-chi-minh_0971058,718.7840000000004
ho-chi-minh_0330488,718.0480000000002
ho-chi-minh_0309689,717.44
ho-chi-minh_0366914,717.4198749999996
an-giang_3567709,717.3572500000008
ho-chi-minh_0351222,716.6399999999998
ho-chi-minh_0350874,716.5972500000001
can-tho_3508840,716.1516250000003
ho-chi-minh_3511353,716.1068750000001
an-giang_3512419,715.7016249999999
ho-chi-minh_0332837,715.6692499999996
ho-chi-minh_3626353,715.616
an-giang_0376198,715.6150000000002
ho-chi-minh_3629521,715.3818750000002
ben-tre_3649705,714.9597499999999
soc-trang_0948734,714.8692500000001
đong-nai_3641074,714.5586250000001
an-giang_3517907,714.5158750000002
an-giang_0325525,714.5092500000002
soc-trang_3589558,714.464
ho-chi-minh_3549969,714.4000000000004
ho-chi-minh_0317938,714.3106250000002
ho-chi-minh_0990262,713.8376249999994
can-tho_0321203,713.2463749999998
ho-chi-minh_0965651,713.2159999999999
an-giang_3503689,712.92525
ho-chi-minh_3612525,712.6668749999998
ho-chi-minh_0963157,712.3200000000003
ho-chi-minh_0355701,712.0066249999996
ho-chi-minh_3565478,711.8984999999999
an-giang_3557019,711.6159999999998
an-giang_0314101,711.5704999999997
ho-chi-minh_3546445,711.4637500000001
đong-nai_0320913,711.1478750000005
can-tho_0315521,710.9746250000002
ho-chi-minh_3622634,710.5600000000001
can-tho_0355772,710.3326249999998
vinh-long_0301330,710.24
an-giang_0330329,709.9953750000001
ho-chi-minh_3643173,709.9732500000008
vinh-long_3511766,709.7798750000001
ho-chi-minh_3622847,709.6591250000004
an-giang_3530330,709.6251249999999
ho-chi-minh_0979510,709.0998749999998
ben-tre_3552467,709.0342500000003
đong-nai_3636495,708.995125
ho-chi-minh_0356380,708.9649999999999
ho-chi-minh_3628496,708.9556250000002
ho-chi-minh_3600862,708.9457500000002
an-giang_3632052,708.7167499999997
ho-chi-minh_3582548,708.71475
can-tho_3638954,708.5763749999995
ho-chi-minh_0367651,708.5746250000001
long-an_3650557,708.4799999999996
vinh-long_3591341,708.2560000000005
ho-chi-minh_3501948,707.7746249999999
đong-nai_3578108,707.7106249999997
đong-nai_3648742,707.7092499999998
ben-tre_3579030,707.5840000000006
can-tho_0331426,707.5520000000001
can-tho_3528324,707.3142500000001
vinh-long_0320784,707.2946249999997
ho-chi-minh_3649713,707.2000000000003
ho-chi-minh_3640036,706.9834999999998
vinh-long_0329003,706.9535000000001
an-giang_0330739,706.9164999999998
an-giang_3513455,706.7266249999999
vinh-long_3501408,706.5503749999998
ho-chi-minh_3637192,706.4411250000002
ho-chi-minh_3500876,706.24
ho-chi-minh_0990190,706.2079999999999
ho-chi-minh_3587313,706.1120000000001
long-an_3582327,705.9520000000002
ho-chi-minh_3592268,705.7920000000001
vinh-long_0992615,705.416625
ho-chi-minh_0944278,705.28
soc-trang_0322988,705.153125
đong-nai_3512869,705.1519999999999
đong-nai_3557842,705.1078749999998
can-tho_3642536,704.6146250000002
vinh-long_3522140,704.5101250000002
can-tho_3647109,704.4486249999999
ho-chi-minh_0992041,704.1919999999998
an-giang_3600721,704.02825
ho-chi-minh_3650122,704.02375
long-an_3613388,703.7288750000004
ho-chi-minh_3603422,703.712
ho-chi-minh_3552434,703.5840000000002
hau-giang_0300917,703.2833750000003
long-an_3562330,703.2824999999997
đong-nai_0324632,703.2292499999995
an-giang_0330808,703.1752500000002
soc-trang_3646877,702.9440000000001
đong-nai_0326670,702.846625
ho-chi-minh_3544214,702.7092499999998
đong-nai_3511360,702.5252500000001
ho-chi-minh_3572939,702.4320000000005
an-giang_0954719,702.4036249999996
ho-chi-minh_3562513,702.3510000000002
can-tho_3632158,702.0479999999999
can-tho_3531736,701.8237500000006
an-giang_3640120,701.2800000000004
ho-chi-minh_3645804,701.2532499999998
ben-tre_0371181,700.7826250000003
can-tho_3545405,700.6185000000002
ho-chi-minh_0334151,700.6080000000001
can-tho_0934589,700.6025
ho-chi-minh_0320680,700.1826250000001
ho-chi-minh_3557853,699.9618749999997
ben-tre_3648938,699.6160000000003
an-giang_0369504,699.552
ho-chi-minh_3545010,699.4904999999999
ho-chi-minh_3581223,699.3341250000002
can-tho_0378819,699.3092499999999
vinh-long_0996012,699.2959999999996
an-giang_3594784,698.9120000000005
an-giang_0985097,698.8505000000004
long-an_3542386,698.8386250000004
ho-chi-minh_3650485,698.4447500000003
ho-chi-minh_0342538,698.3958750000003
ho-chi-minh_0305816,698.2720000000002
đong-nai_3515381,698.1440000000003
can-tho_0375285,698.1256250000005
ho-chi-minh_0349130,697.995875
ho-chi-minh_3646638,697.5912499999996
an-giang_3552469,697.462625
vinh-long_3633524,697.3759999999999
an-giang_3531629,697.2411249999999
soc-trang_0307622,696.6719999999999
ho-chi-minh_0953100,696.5923750000001
đong-nai_3565850,696.4303750000003
ho-chi-minh_0926767,695.3809999999997
can-tho_3513449,695.3686249999998
ho-chi-minh_0374287,694.9078750000002
can-tho_0946257,694.6811249999995
ho-chi-minh_3639406,694.6278749999999
an-giang_3534460,694.1158749999998
ho-chi-minh_3601244,693.506375
vinh-long_0330496,693.3876250000002
can-tho_0368557,693.1840000000001
soc-trang_0965005,693.0052499999999
đong-nai_0320169,692.4616249999998
ho-chi-minh_3638766,692.3073750000001
đong-nai_3645401,692.2024999999996
an-giang_3530278,692.0960000000005
can-tho_0955138,692.0640000000002
long-an_3620182,691.8412500000003
an-giang_0349406,691.808
ho-chi-minh_3645399,691.6480000000001
ho-chi-minh_0351426,691.2498750000001
hau-giang_3624374,691.2358749999997
vinh-long_3524188,691.22925
ho-chi-minh_3558350,690.976
ho-chi-minh_3648122,690.9638750000004
an-giang_0330658,690.9371249999994
vinh-long_3007947,690.7864999999999
ho-chi-minh_3565753,690.5026249999999
ho-chi-minh_3534669,690.4852500000002
can-tho_0351297,690.449125
soc-trang_3643279,690.44775
soc-trang_3609986,690.4438749999999
ho-chi-minh_3579716,690.0477500000004
ho-chi-minh_3650392,690.0264999999999
ho-chi-minh_3650706,689.7142499999999
an-giang_0330327,689.7051250000003
ho-chi-minh_3649141,689.6000000000008
ho-chi-minh_3519630,689.5360000000001
can-tho_0377943,689.4433750000001
can-tho_3638623,689.0100000000001
ho-chi-minh_3622500,688.8212499999997
long-an_0311114,688.6571250000003
đong-nai_3554833,688.2560000000002
ho-chi-minh_0312950,688.0639999999999
an-giang_0325164,687.9865000000001
ho-chi-minh_3522164,687.8626250000003
long-an_3616933,687.8003749999996
ho-chi-minh_3532604,687.761125
soc-trang_3504082,687.6568749999999
ho-chi-minh_3503334,687.59675
ho-chi-minh_3560905,687.5106250000001
ho-chi-minh_3559442,687.2960000000002
long-an_3638643,687.134625
ho-chi-minh_0351251,687.0623749999996
ho-chi-minh_3631450,687.0536249999999
soc-trang_0369343,687.0477499999998
ho-chi-minh_3518624,686.9771250000001
ben-tre_3633089,686.9760000000001
ho-chi-minh_0321605,686.8066249999995
an-giang_3503634,686.496
ho-chi-minh_3565144,686.4320000000001
can-tho_3587901,686.411875
long-an_3635008,686.3452499999996
ho-chi-minh_3526280,686.3178749999995
hau-giang_3648738,686.1631250000002
ho-chi-minh_3520627,685.7279999999997
hau-giang_3511048,685.4720000000003
an-giang_0922765,684.96
hau-giang_3578744,684.9332499999998
ho-chi-minh_0321647,684.8938750000001
can-tho_3623224,684.7039999999998
đong-nai_3554816,684.4504999999999
ho-chi-minh_3641616,684.2947500000001
ben-tre_0374980,684.1407499999999
an-giang_0330736,684.1385
ben-tre_0993768,684.0662500000001
ho-chi-minh_3522452,683.7120000000002
ho-chi-minh_0332841,683.5572500000003
ho-chi-minh_0334154,683.4118749999998
ben-tre_3516056,683.3967500000003
ho-chi-minh_3650928,683.3586250000001
ho-chi-minh_0330282,683.2960000000003
ho-chi-minh_3508814,683.2226250000001
ho-chi-minh_3647856,683.1838750000001
ho-chi-minh_3566359,683.1427499999999
ho-chi-minh_3549975,682.8466249999999
long-an_3647838,682.6426250000003
ho-chi-minh_3633981,682.4450000000003
an-giang_3551468,682.4320000000001
ho-chi-minh_3644673,682.3680000000006
soc-trang_0970207,682.3236249999999
ben-tre_3592200,681.984
an-giang_0961789,681.7812499999999
long-an_0981499,681.6955
an-giang_0330504,681.5649999999999
soc-trang_3546904,681.408
đong-nai_3630087,680.9906250000003
an-giang_0330278,680.9501250000005
ho-chi-minh_0325133,680.9361250000007
ho-chi-minh_3542957,680.4160000000002
an-giang_0330628,680.3371249999998
ho-chi-minh_3648319,680.3316249999996
ho-chi-minh_0309332,680.1920000000001
long-an_3624877,680.1197500000003
can-tho_0302275,679.7753750000003
đong-nai_0005745,679.6706250000001
ho-chi-minh_3596369,679.6381250000001
ho-chi-minh_3646118,679.37725
soc-trang_3625630,679.3732499999999
ho-chi-minh_0320692,678.6688749999998
ben-tre_0331458,678.5195
ho-chi-minh_3640166,678.2913750000001
hau-giang_0358271,678.233125
ho-chi-minh_0360899,678.2234999999994
đong-nai_3616862,678.1826250000001
ho-chi-minh_3648429,677.824
can-tho_0359628,677.19725
ho-chi-minh_3648680,677.0157499999995
ho-chi-minh_0355269,676.9892500000003
ho-chi-minh_0372943,676.9600000000002
an-giang_0358612,676.9490000000001
vinh-long_3648464,676.7906249999999
ho-chi-minh_3650930,676.7040000000002
can-tho_0334200,676.3199999999997
ho-chi-minh_3504729,676.269375
soc-trang_0981595,676.2532500000001
an-giang_0358569,676.235875
can-tho_3544903,676.1919999999999
ho-chi-minh_3625671,676.1810000000002
ho-chi-minh_3596932,675.9746250000001
ho-chi-minh_3563188,675.8742499999997
đong-nai_3645615,675.7661250000002
ho-chi-minh_3579720,675.6226250000003
vinh-long_0331101,675.5092500000003
soc-trang_3633269,675.3603750000002
đong-nai_3592310,675.1040000000003
đong-nai_3626904,674.6491249999998
vinh-long_3622103,674.5192500000002
can-tho_3586307,674.0479999999999
ho-chi-minh_0320810,674.0050000000001
hau-giang_0995234,673.98575
vinh-long_3644494,673.9435000000002
ho-chi-minh_3531731,673.5617500000002
ho-chi-minh_3549822,672.8640000000001
ho-chi-minh_0361416,672.8038749999998
can-tho_3529520,672.6157499999999
hau-giang_0373451,672.4998749999996
ho-chi-minh_0320838,672.4532500000001
ho-chi-minh_3557874,672.4159999999999
hau-giang_0362871,672.4056249999999
ho-chi-minh_3595020,672.3705000000001
soc-trang_3585088,672.3193750000005
ho-chi-minh_3571055,672.2226250000004
đong-nai_0310215,672.1385000000002
ho-chi-minh_3650355,671.710625
hau-giang_3603537,671.51925
long-an_3548791,671.4146250000002
ben-tre_3648416,671.2700000000002
long-an_0351443,671.2212500000002
vinh-long_3516287,670.9277500000002
can-tho_0998983,670.8888749999998
ho-chi-minh_0966622,670.6125
đong-nai_3606556,670.4960000000002
ho-chi-minh_3503921,670.4770000000004
ho-chi-minh_3541590,670.1759999999998
ho-chi-minh_3647470,670.1211249999997
can-tho_3627176,670.0815000000003
ho-chi-minh_3549971,670.0799999999998
ho-chi-minh_0329511,669.4875000000002
can-tho_0302278,669.47975
ho-chi-minh_3626341,669.3440000000004
vinh-long_0999994,669.264875
long-an_3576704,669.1520000000002
ho-chi-minh_0966425,669.0452499999999
đong-nai_3556995,668.5349999999997
hau-giang_0966470,668.5092500000002
an-giang_0975588,668.4930000000004
ho-chi-minh_3551567,668.3106250000001
ho-chi-minh_0362244,668.1416249999999
can-tho_0375438,667.9476250000001
an-giang_3599356,667.9359999999999
ho-chi-minh_3531499,667.9142499999996
long-an_3618246,667.8794999999997
can-tho_0363534,667.575375
ho-chi-minh_3650149,667.3503749999998
ho-chi-minh_3584749,667.3280000000003
ho-chi-minh_3500755,667.26875
ho-chi-minh_3571434,667.1586249999999
ho-chi-minh_3596387,666.9746250000001
ho-chi-minh_0320916,666.8411250000005
ho-chi-minh_3648491,666.7462500000004
ho-chi-minh_3589943,665.9200000000005
ho-chi-minh_3596916,665.6598749999998
an-giang_3549970,665.5586249999999
ho-chi-minh_3644112,665.430625
ho-chi-minh_3580362,665.3586250000001
can-tho_0962984,665.2742499999997
ho-chi-minh_0373209,664.7451250000004
ho-chi-minh_0332838,664.736
đong-nai_3558347,664.3519999999996
ho-chi-minh_3614492,663.78125
ho-chi-minh_3542148,663.7326250000002
an-giang_3503168,663.6786250000004
ho-chi-minh_3514523,663.6122499999997
can-tho_0331493,663.5839999999998
ho-chi-minh_3626584,663.4546249999996
ho-chi-minh_3572756,663.1680000000003
an-giang_3509713,663.0080000000003
ho-chi-minh_0307573,662.8737500000003
ho-chi-minh_3631658,662.7200000000006
ho-chi-minh_3637190,662.6235
an-giang_3609844,662.6036250000003
soc-trang_0955719,662.5076250000003
ho-chi-minh_3505968,662.2557499999999
an-giang_0358608,661.7920000000001
an-giang_3646980,661.3506249999999
ho-chi-minh_3635946,661.3498749999998
ho-chi-minh_3528657,661.2466249999997
hau-giang_3644619,661.2239999999996
soc-trang_0355767,661.1531250000003
ho-chi-minh_0932723,660.9599999999996
long-an_0940327,660.915875
ho-chi-minh_3649268,660.8959999999998
ho-chi-minh_3644466,660.8538749999998
can-tho_3511257,660.7077500000005
long-an_3644105,660.4906250000001
an-giang_3647275,660.4706249999995
đong-nai_3645015,660.3839999999997
can-tho_0307995,660.3691249999999
đong-nai_3644729,660.1492499999997
an-giang_0376252,660.0319999999999
can-tho_3638959,659.9986250000001
can-tho_3548098,659.5506250000002
an-giang_3648837,659.5478750000001
ho-chi-minh_3640082,659.4744999999998
ho-chi-minh_3650449,659.3704999999998
long-an_3531772,659.1026250000001
ho-chi-minh_0321420,658.9127499999998
vinh-long_0974312,658.8226250000004
ho-chi-minh_0361971,658.65575
soc-trang_3644490,658.2598749999994
can-tho_3649159,658.1570000000003
ho-chi-minh_3591935,658.0466250000001
ho-chi-minh_3644813,657.8452499999999
ho-chi-minh_3547581,657.6320000000003
ho-chi-minh_3579228,657.0560000000002
vinh-long_3511763,656.9106250000002
long-an_3590620,656.7238750000001
vinh-long_3590252,656.5759999999999
an-giang_0934082,655.92525
can-tho_0301774,655.7439999999998
ho-chi-minh_3562926,655.5625000000001
vinh-long_3632600,655.5519999999997
đong-nai_3574223,655.3416250000002
đong-nai_3505841,655.2946250000003
hau-giang_3517342,655.1672499999999
ho-chi-minh_0984062,655.1040000000002
ho-chi-minh_3631372,655.0436250000002
đong-nai_3581776,655.0218750000004
ho-chi-minh_3586402,654.8626249999994
ho-chi-minh_0329504,654.7098750000002
an-giang_0376255,654.5272499999996
vinh-long_3638790,654.522375
ho-chi-minh_3645951,654.437375
đong-nai_3586415,654.3606250000003
ho-chi-minh_0350805,654.2772500000002
ho-chi-minh_0371687,654.2665
soc-trang_0332408,653.9123750000003
ho-chi-minh_3636711,653.4080000000002
an-giang_3510840,653.3584999999997
long-an_3564289,653.0442499999997
ho-chi-minh_3585164,653.0240000000003
ho-chi-minh_0966825,653.0066249999999
ho-chi-minh_3635962,652.8960000000001
ho-chi-minh_0355708,652.7785000000007
ho-chi-minh_3646990,652.7396249999999
can-tho_3553855,652.6543750000001
hau-giang_3614410,652.4463750000002
ho-chi-minh_0918705,652.0946249999996
an-giang_3613553,652.0000000000003
an-giang_3520706,651.7288749999999
an-giang_3633265,651.6358749999999
hau-giang_0956418,651.2847499999998
đong-nai_3519771,651.278625
can-tho_3546897,651.0505000000004
đong-nai_0327492,651.0452499999996
đong-nai_3530828,650.6559999999997
hau-giang_3544009,650.6296250000001
hau-giang_3633394,650.3622500000002
an-giang_0365966,650.3175000000003
vinh-long_3622670,650.3040000000001
ho-chi-minh_0321458,650.0138749999998
ho-chi-minh_3649712,650.0132500000001
ho-chi-minh_3535160,649.4671249999999
ho-chi-minh_3647499,649.3893749999999
an-giang_3644642,649.382625
can-tho_0317520,649.2767500000001
đong-nai_0935111,649.1305
can-tho_0331491,648.9572500000003
an-giang_3637791,648.8959999999996
ho-chi-minh_3641795,648.8593750000002
soc-trang_3519428,648.5120000000001
ho-chi-minh_3613737,648.504875
an-giang_3576300,648.0306249999998
ho-chi-minh_3647110,647.9553750000001
ben-tre_3501411,647.8210000000004
ho-chi-minh_0349805,647.5912499999998
can-tho_3622672,647.44675
hau-giang_3644629,647.3652500000002
ho-chi-minh_3648734,647.248375
vinh-long_3646432,647.1732499999999
an-giang_3608235,647.0786250000001
ho-chi-minh_0357503,646.7311250000004
ben-tre_3558357,646.4639999999999
ho-chi-minh_0335548,646.2306250000001
soc-trang_3638805,646.199
ho-chi-minh_3633746,645.8858750000002
an-giang_3535975,645.7683749999999
ho-chi-minh_3648659,645.7498749999995
ho-chi-minh_3558353,645.1316249999999
an-giang_0325076,644.4386249999999
ho-chi-minh_0355179,644.3624999999998
soc-trang_0994271,643.7330000000002
long-an_3640035,643.616
đong-nai_3633982,643.424
an-giang_3645066,643.328
ho-chi-minh_0349180,643.2739999999999
ho-chi-minh_0989428,643.16525
ho-chi-minh_3638708,642.8177500000002
ho-chi-minh_3579467,642.6957500000004
an-giang_0955845,642.6866250000004
can-tho_3504349,642.6470000000003
an-giang_3641638,642.5062500000003
an-giang_0330331,642.3332499999997
long-an_3501177,642.2786250000006
hau-giang_3616954,642.2105
an-giang_3510817,642.072375
hau-giang_3501783,641.9519999999998
an-giang_3503213,641.8450000000001
ho-chi-minh_3519294,641.791
soc-trang_3548452,641.6959999999998
ben-tre_3585625,641.6808750000001
ho-chi-minh_3648731,641.2480000000004
ho-chi-minh_3567989,641.2479999999998
ho-chi-minh_3641650,641.0345000000004
vinh-long_0300838,640.9920000000002
vinh-long_3644922,640.8475000000002
an-giang_3632067,640.8310000000001
an-giang_0992624,640.8223749999996
long-an_0325425,640.6411250000001
ho-chi-minh_0948706,640.5760000000002
ho-chi-minh_3616057,640.4264999999996
an-giang_0948733,640.3103749999998
an-giang_0330678,640.2955000000002
ho-chi-minh_3541992,640.2239999999996
an-giang_0360600,640.0320000000002
an-giang_0954718,640.0285000000002
ben-tre_3633828,639.982625
đong-nai_0971971,639.8678750000001
an-giang_0314953,639.8088750000006
an-giang_3509522,639.779875
ho-chi-minh_3649278,639.7120000000003
can-tho_0364248,639.5652499999998
ho-chi-minh_3523186,639.4629999999999
long-an_3649707,639.213
an-giang_3500468,638.848
long-an_3577648,638.6290000000002
hau-giang_0331406,638.4971249999995
ben-tre_0366810,638.3048750000002
đong-nai_3504271,638.195625
ho-chi-minh_0362815,638.1608749999999
can-tho_0993886,638.0610000000004
ho-chi-minh_3531018,638.0372500000001
vinh-long_3636753,637.8678750000001
soc-trang_3616035,637.8023750000002
hau-giang_3500452,637.7920000000003
ho-chi-minh_3639319,637.6132499999999
vinh-long_3517909,637.5865000000003
ho-chi-minh_0952589,637.5359999999998
ho-chi-minh_0920517,637.42125
ho-chi-minh_3646679,636.9278749999997
ho-chi-minh_3524200,636.6605000000003
can-tho_0996014,636.5586249999996
ho-chi-minh_3557078,636.5440000000002
ho-chi-minh_0321417,636.512
ho-chi-minh_3520969,636.1279999999996
ho-chi-minh_3644631,636.113125
ho-chi-minh_3609241,635.949
soc-trang_3648249,635.8243750000003
ho-chi-minh_3630598,635.801125
đong-nai_3637476,635.427625
long-an_3578948,635.4240000000003
an-giang_0332246,635.2157500000002
ho-chi-minh_3570502,635.0403749999999
an-giang_0998129,635.0400000000001
can-tho_3647841,634.9910000000001
ben-tre_3533695,634.8480000000001
vinh-long_3633334,634.7078749999997
ben-tre_3648005,634.6239999999999
ho-chi-minh_0342673,634.60525
an-giang_3613742,634.4049999999999
ben-tre_0324790,634.3846249999998
ho-chi-minh_3514963,634.3705
long-an_3602178,634.3426250000002
ho-chi-minh_3521509,634.2400000000001
ho-chi-minh_0349249,634.2080000000001
ho-chi-minh_3602826,633.8127500000002
soc-trang_0317251,633.769
an-giang_3640245,633.464875
đong-nai_0335641,633.3252499999998
vinh-long_3510807,632.8715000000004
ho-chi-minh_3600950,632.830625
ho-chi-minh_3643255,632.8278750000004
đong-nai_3639316,632.6198750000003
ho-chi-minh_0909247,632.5958750000001
can-tho_0373426,632.5652500000001
ho-chi-minh_3648248,632.3517499999997
ho-chi-minh_3613550,632.2880000000001
vinh-long_3633361,632.1666250000001
vinh-long_3646623,631.731625
ho-chi-minh_3532306,631.6323749999999
an-giang_0994348,631.5396250000001
hau-giang_3510827,631.392
vinh-long_0316089,631.1526249999998
hau-giang_3562349,631.0914999999999
hau-giang_3500480,631.006625
vinh-long_3511764,630.8712499999998
ben-tre_0349745,630.67975
can-tho_3529401,630.5065000000001
ho-chi-minh_3594177,630.464
ho-chi-minh_3640253,630.3623749999999
an-giang_3632170,630.304
an-giang_0952157,630.2400000000001
can-tho_3630610,629.984
ho-chi-minh_3571022,629.9506250000005
ho-chi-minh_0350797,629.8285000000002
ho-chi-minh_0329531,629.7357500000004
an-giang_3618787,629.3219999999999
ho-chi-minh_3577397,629.2687499999997
ho-chi-minh_3645167,629.152
đong-nai_3637450,628.8706250000002
an-giang_0325813,628.6472500000001
đong-nai_3573942,628.0959999999997
ho-chi-minh_0366809,628.09325
an-giang_3569927,628.0264999999997
ben-tre_0320819,627.8504999999998
ho-chi-minh_0371735,627.638625
an-giang_0954725,627.4560000000001
vinh-long_0954733,626.9713749999995
hau-giang_3548450,626.9192500000004
hau-giang_0314744,626.9119999999997
ho-chi-minh_3628092,626.8479999999998
can-tho_3547124,626.7154999999997
ho-chi-minh_3648025,626.6052500000003
ho-chi-minh_3650732,626.497125
can-tho_0321439,626.4383749999998
soc-trang_3643283,626.2720000000003
hau-giang_3567116,626.0369999999999
ho-chi-minh_3580370,625.9517500000002
đong-nai_3644867,625.9189999999996
can-tho_0978853,625.7249999999999
long-an_3614712,625.5211250000003
ho-chi-minh_3548161,625.50625
an-giang_0970369,625.1346249999997
can-tho_0316071,625.0546250000001
ho-chi-minh_0361370,625.0483749999999
can-tho_0304806,624.9275000000002
đong-nai_3508492,624.8852499999998
can-tho_0942221,624.352
ho-chi-minh_3646230,624.306
ho-chi-minh_0332514,624.1611250000001
an-giang_3557018,623.2905000000002
ho-chi-minh_3650502,623.2784999999998
an-giang_0355861,623.243875
can-tho_0304799,623.203625
ho-chi-minh_3631603,623.1793750000002
hau-giang_0995237,623.1082500000001
an-giang_3579043,622.8786250000002
ho-chi-minh_3645611,622.8386250000003
ho-chi-minh_3501023,622.6598749999998
soc-trang_0310547,622.622125
can-tho_3575699,622.5920000000001
ho-chi-minh_3565487,622.5600000000006
vinh-long_0317556,622.5382499999998
hau-giang_0322661,622.369125
ho-chi-minh_3648428,622.1120000000001
ho-chi-minh_3647501,622.0786249999995
can-tho_0934601,621.8066249999999
can-tho_3548812,621.7279999999998
hau-giang_0934887,621.6904999999997
hau-giang_0310518,621.5972499999998
ho-chi-minh_3590615,621.2052500000001
ben-tre_3575127,620.9677500000001
soc-trang_3586597,620.71925
an-giang_0321118,620.5553749999996
hau-giang_0332455,620.4118750000004
ho-chi-minh_3645243,620.3506250000002
ho-chi-minh_3553973,620.32
an-giang_3650974,620.224
can-tho_3589686,620.2146250000001
ho-chi-minh_3512813,620.1398750000002
ho-chi-minh_3647630,620.1279999999998
ho-chi-minh_3626242,620.0745000000001
long-an_3566257,619.328
ben-tre_0316397,619.0212499999999
an-giang_0361949,618.7586250000005
vinh-long_3564719,618.688875
ho-chi-minh_0350249,618.470625
an-giang_3553841,618.256625
can-tho_3599363,618.2331250000002
can-tho_3585255,618.1266250000001
vinh-long_0310520,618.1156249999999
ho-chi-minh_0943710,618.094625
long-an_0333129,618.0582500000002
soc-trang_0321546,617.7920000000001
hau-giang_0357454,617.7142500000002
ho-chi-minh_0310394,617.4079999999998
an-giang_0321175,616.5423749999998
can-tho_0934587,616.2196249999998
soc-trang_3630893,616.0077499999998
soc-trang_3645052,615.9114999999998
an-giang_3509254,615.5276249999998
ho-chi-minh_3581093,615.4767500000002
can-tho_3559155,615.401125
long-an_3591926,615.0122500000004
ho-chi-minh_3558381,614.9026249999995
ho-chi-minh_0350005,614.851875
ho-chi-minh_3607480,614.7012499999998
ho-chi-minh_3612338,614.6529999999996
ben-tre_0336216,614.6240000000001
ho-chi-minh_0325094,614.5600000000005
an-giang_0317642,614.5140000000004
ho-chi-minh_3510788,614.4996249999997
hau-giang_0941787,614.238125
ben-tre_3649704,614.176
ho-chi-minh_0321414,613.963875
an-giang_3650004,613.8753749999998
ho-chi-minh_0362947,613.7092500000002
ho-chi-minh_3548676,613.5945000000004
hau-giang_3504102,613.2049999999998
an-giang_3632457,612.9920000000002
vinh-long_3626844,612.6693750000002
ho-chi-minh_3541975,612.6080000000003
ho-chi-minh_0328977,612.6080000000001
long-an_3583800,612.53725
an-giang_3513473,612.5305000000001
an-giang_3622087,611.936
an-giang_3542038,611.7437500000001
can-tho_3508147,611.7187500000003
vinh-long_3536044,611.6116250000002
soc-trang_0317234,611.421
an-giang_0324616,611.2298750000001
soc-trang_3626330,610.789625
soc-trang_3575700,610.7743749999998
ho-chi-minh_3580360,610.7519999999997
ho-chi-minh_0350084,610.6146249999999
ho-chi-minh_3574805,610.4257500000004
ho-chi-minh_0308389,610.13025
ho-chi-minh_0939225,610.0532499999998
ho-chi-minh_3509697,610.0408750000001
an-giang_0986124,609.8165000000002
ho-chi-minh_3633232,609.661
ho-chi-minh_0995212,609.4024999999998
ho-chi-minh_0305779,609.312
vinh-long_0362821,609.0756250000002
hau-giang_3644604,609.0678750000001
an-giang_0366102,608.9186249999998
can-tho_3568563,608.7197500000003
vinh-long_3502393,608.7092500000002
an-giang_3540830,608.6888749999998
ho-chi-minh_3603201,608.6866250000003
ho-chi-minh_3546873,608.19975
hau-giang_0300733,608.1402500000002
ho-chi-minh_0978904,608.0276250000001
long-an_3603477,607.7666249999995
soc-trang_0330675,607.6931250000001
vinh-long_0992781,607.4240000000001
vinh-long_0317288,607.3865
an-giang_3555889,607.3583749999998
ho-chi-minh_3549966,607.3060000000003
ho-chi-minh_0909222,607.1048750000001
đong-nai_3650452,606.4134999999998
hau-giang_3568056,606.3359999999999
soc-trang_0359622,606.1553750000002
long-an_3641655,606.0895
đong-nai_3514102,605.4438749999999
ho-chi-minh_0364279,605.2125
an-giang_3562324,605.0052499999998
hau-giang_0322668,604.2957500000002
can-tho_0335337,604.2438750000002
ho-chi-minh_3647919,604.0518750000003
an-giang_0363907,603.9285
an-giang_0310722,603.782625
an-giang_0324715,603.7816250000002
vinh-long_3503632,603.7810000000002
long-an_3634575,603.7332500000005
an-giang_0994009,603.7120000000002
an-giang_0316243,603.6888749999998
ho-chi-minh_3616193,603.6800000000002
hau-giang_0375439,603.5854999999999
ho-chi-minh_3642527,603.3675000000002
can-tho_0307947,603.3578749999998
đong-nai_0306416,603.179625
ho-chi-minh_3642121,602.9691250000001
an-giang_0979116,602.5398749999998
ho-chi-minh_3522407,602.4066250000003
soc-trang_0320062,602.0452500000002
ho-chi-minh_3501083,601.7917499999998
an-giang_3534457,601.7600000000006
an-giang_3638736,601.6959999999999
an-giang_0957019,601.6639999999999
hau-giang_3500648,601.4836249999998
soc-trang_3647467,601.1917500000003
can-tho_3528315,601.023125
ho-chi-minh_3531421,600.9600000000003
ho-chi-minh_3534105,600.926625
ho-chi-minh_0318453,600.4868750000003
ho-chi-minh_3650715,600.3506249999998
ho-chi-minh_0305817,600.3106250000004
long-an_3631117,600.307875
đong-nai_3542485,600.2692499999997
an-giang_3637794,600.078625
đong-nai_3641646,599.6097500000003
can-tho_3509596,599.5691250000002
đong-nai_3627936,599.4488750000003
ho-chi-minh_0365988,599.2943749999998
ho-chi-minh_3646966,599.1186250000001
ho-chi-minh_3534528,598.907625
ho-chi-minh_3558355,598.7211250000001
đong-nai_3594609,598.6984999999996
an-giang_3510268,598.432
an-giang_3631921,598.3810000000001
ho-chi-minh_3558366,597.9756249999999
soc-trang_0949999,597.9263750000001
ho-chi-minh_3578397,597.8466250000001
ho-chi-minh_3555253,597.4417499999996
ho-chi-minh_3613389,597.3677500000005
ho-chi-minh_3637041,597.1746249999995
ho-chi-minh_3649716,597.1586250000003
ho-chi-minh_3586404,597.1197500000001
soc-trang_3557179,596.6011250000003
an-giang_0330906,596.5400000000003
soc-trang_0307989,596.4979999999998
ho-chi-minh_0350128,596.4403749999997
đong-nai_3646650,596.4191250000002
an-giang_3502223,596.407
can-tho_0992180,596.1919999999998
an-giang_0357008,596.0406250000003
can-tho_0992287,595.7821250000001
hau-giang_0938336,595.6331250000003
can-tho_0355838,595.5200000000003
ho-chi-minh_3530581,595.2
ho-chi-minh_3638709,595.1826250000004
hau-giang_3640178,594.7523749999998
long-an_3608088,594.6891250000002
long-an_3521507,594.37575
can-tho_0315187,593.7037500000001
ho-chi-minh_3647011,593.5247500000004
hau-giang_3592254,593.4431250000004
vinh-long_3520755,593.3078750000001
vinh-long_0334199,593.1012500000002
ho-chi-minh_3615533,592.9280000000007
ho-chi-minh_0335566,592.5440000000001
ho-chi-minh_3586798,591.7754999999996
long-an_3526709,591.33225
vinh-long_0376200,591.3266250000001
ho-chi-minh_3644674,591.2320000000004
ho-chi-minh_0991927,591.0006250000005
an-giang_3527249,590.9283750000001
an-giang_3602235,590.587875
an-giang_0378111,590.5630000000003
hau-giang_0330974,590.0731250000001
long-an_3646394,589.8546250000003
can-tho_3514969,589.6118749999998
vinh-long_3650984,589.5360000000002
ho-chi-minh_3519484,589.4648750000002
đong-nai_3645975,589.4399999999997
can-tho_3580369,589.3439999999999
soc-trang_3649179,589.2328749999998
ho-chi-minh_3549952,589.127125
an-giang_3626327,589.1123750000002
an-giang_3594600,589.0138750000001
ho-chi-minh_3500909,588.8665
ho-chi-minh_0350228,588.7426249999997
ho-chi-minh_3609235,588.7172500000003
an-giang_3633278,588.5164999999998
ho-chi-minh_0321450,587.8386250000001
hau-giang_3513471,587.8012500000001
ho-chi-minh_3613569,587.3825000000002
ho-chi-minh_3571289,587.0399999999998
soc-trang_3511052,586.6560000000002
ho-chi-minh_0333411,586.4701249999999
ho-chi-minh_0978908,586.213375
ho-chi-minh_3613612,586.0216249999997
ho-chi-minh_3513329,585.774625
ho-chi-minh_3558610,585.696
ho-chi-minh_3595447,585.5432500000002
ho-chi-minh_3520873,585.4720000000004
ho-chi-minh_3581803,585.42875
an-giang_0355831,585.3759999999994
can-tho_0324764,585.2479999999997
ho-chi-minh_3591888,584.9528750000003
can-tho_3555839,584.8598750000001
soc-trang_3572934,584.5956249999999
ho-chi-minh_0329506,584.2983750000001
can-tho_0300843,584.2560000000001
an-giang_0366136,584.142625
can-tho_3528004,584.096
ho-chi-minh_3613834,583.9106250000001
an-giang_3557007,583.9085000000002
hau-giang_0330715,583.904
đong-nai_3532413,583.8593750000001
ho-chi-minh_0320849,583.2045
hau-giang_3502281,582.9812500000004
ben-tre_3511362,582.884875
ho-chi-minh_3517791,582.7917500000002
ho-chi-minh_3648023,582.5357500000001
tp.-ho-chi-minh_3545014,582.4963750000003
ho-chi-minh_3631324,582.2598750000002
ho-chi-minh_0939851,582.1760000000003
can-tho_3646774,581.7736250000002
đong-nai_3530576,581.6461249999998
an-giang_0315988,581.5666250000002
long-an_3603158,581.5478750000001
can-tho_0331923,581.2132500000002
ho-chi-minh_0319053,580.8982500000001
an-giang_0310686,580.6717500000001
an-giang_0996836,580.6626249999998
ho-chi-minh_0997677,580.4077499999999
ho-chi-minh_3647977,580.0196249999998
an-giang_0952901,579.6955000000002
an-giang_3594928,579.5041249999999
an-giang_3514018,579.4240000000003
ho-chi-minh_3539298,578.8456250000003
an-giang_3621935,578.7716250000002
ho-chi-minh_0988565,578.757
ho-chi-minh_3585759,578.3691250000002
ben-tre_3635981,578.33525
ho-chi-minh_0963132,578.3065000000001
ben-tre_3554882,577.7768749999998
ho-chi-minh_3640376,577.5990000000002
an-giang_3535168,577.4386250000001
ho-chi-minh_0360053,577.3758750000003
ho-chi-minh_0334150,576.7716250000002
ho-chi-minh_3644895,576.768
vinh-long_0322652,576.7360000000001
long-an_3560982,576.694375
an-giang_3627664,576.400875
an-giang_0989222,575.9679999999998
an-giang_3509667,575.139625
ho-chi-minh_3645075,574.9837499999999
long-an_3554736,574.88
ho-chi-minh_3513702,574.53825
long-an_3635208,574.4866250000002
ho-chi-minh_0343002,574.295
an-giang_3633273,574.1995000000002
đong-nai_3646667,574.171375
hau-giang_0308032,574.0466250000001
ho-chi-minh_0968754,574.0160000000003
an-giang_3632424,573.2445000000005
đong-nai_3531498,572.6241250000002
ho-chi-minh_3557734,572.3784999999998
soc-trang_3645823,571.908875
đong-nai_3548082,571.8052500000001
đong-nai_0977133,571.7496249999998
ho-chi-minh_3531732,571.4866250000002
đong-nai_3507061,571.4706250000003
long-an_0362998,571.278375
an-giang_0378027,571.187875
vinh-long_3559483,571.05225
vinh-long_3600864,570.7997500000001
an-giang_0342977,570.3675000000001
ho-chi-minh_0371189,570.2720000000004
an-giang_0320031,570.1611250000001
soc-trang_3644602,570.1384999999999
ho-chi-minh_0311035,570.0438750000004
an-giang_0306446,569.856
can-tho_0311246,569.630125
đong-nai_3567930,569.4719999999999
can-tho_3540816,569.3268749999997
an-giang_3632080,569.3018749999999
soc-trang_3623262,569.0673750000001
ho-chi-minh_3510100,568.5666249999999
hau-giang_0949227,568.4891249999995
an-giang_3632053,568.3612500000004
ho-chi-minh_3600415,568.0565000000001
can-tho_3535082,567.9172500000001
an-giang_0979434,567.8983750000001
ho-chi-minh_0991586,567.6748750000002
ho-chi-minh_0977379,567.6531249999998
hau-giang_0307426,567.6237500000002
ben-tre_3647329,567.5200000000001
can-tho_3645604,567.4240000000001
can-tho_3627663,567.2877499999998
long-an_3585951,567.1451250000003
an-giang_0963716,567.0720000000003
long-an_0963071,567.0284999999998
đong-nai_3615605,567.0185
can-tho_0374540,566.8638750000001
vinh-long_3552132,566.6701250000003
ho-chi-minh_0357794,566.5260000000004
đong-nai_3636706,565.90925
ho-chi-minh_3611224,565.76
long-an_3643229,565.538875
an-giang_3630572,565.2074999999999
vinh-long_3511768,564.9889999999999
hau-giang_0997691,564.7026250000002
ho-chi-minh_3650246,564.6546250000001
ho-chi-minh_3557658,564.6080000000004
can-tho_3649163,564.509875
ho-chi-minh_0938167,564.4160000000003
ho-chi-minh_3002133,564.2745000000003
ho-chi-minh_3650261,564.254625
ho-chi-minh_3618955,564.1026250000002
ho-chi-minh_3550539,563.981875
ho-chi-minh_0374569,563.8218749999999
ho-chi-minh_0307572,563.6518749999999
an-giang_0355752,563.4571250000001
đong-nai_0328994,563.3597500000001
an-giang_3650975,563.349625
hau-giang_0321504,563.0328749999999
an-giang_3503231,562.7409999999999
ho-chi-minh_3599644,562.4466250000003
đong-nai_3620458,562.3608750000003
vinh-long_3513897,562.2546249999998
hau-giang_3534158,561.8212500000002
long-an_3645752,561.6378750000001
hau-giang_3514813,561.5999999999999
long-an_3600446,561.099375
ho-chi-minh_3631718,560.6290000000001
ho-chi-minh_3576755,560.5997499999997
an-giang_3509629,560.3825000000004
long-an_0314553,560.3076249999998
an-giang_0330614,560.2831249999999
ho-chi-minh_3648343,559.950625
an-giang_3646036,559.9032500000001
đong-nai_3649844,559.79725
ho-chi-minh_3641797,559.5341250000002
ho-chi-minh_3601638,559.506
ho-chi-minh_3646115,559.259375
ho-chi-minh_0355988,559.2102500000001
ho-chi-minh_3540804,558.9465000000001
soc-trang_3508975,558.8745000000002
an-giang_3547265,558.8612500000003
an-giang_0321493,558.6767499999997
đong-nai_3650470,558.491875
hau-giang_3644626,558.4557500000001
an-giang_0357002,558.0932500000004
ho-chi-minh_3561868,557.6960000000001
hau-giang_0373452,557.669875
an-giang_3633237,557.3622499999999
soc-trang_0373120,557.2143750000001
ho-chi-minh_0373634,557.1807500000003
ho-chi-minh_0317930,556.8959999999998
an-giang_3586374,556.8913749999998
ho-chi-minh_0367793,556.8000000000001
long-an_0931311,556.6602499999998
an-giang_0375295,556.5407499999999
an-giang_3568174,556.2880000000001
hau-giang_3639518,556.2560000000001
an-giang_0342531,556.0786250000002
ho-chi-minh_3648255,556.0692500000001
an-giang_3529450,556.0640000000001
soc-trang_0356964,556.059875
ho-chi-minh_0309571,555.808
ben-tre_0336209,555.7931249999998
ho-chi-minh_0979527,555.7917499999999
ben-tre_3646087,555.5302499999999
vinh-long_3645402,555.2623750000001
ho-chi-minh_3604606,555.0420000000003
long-an_3564626,555.0145
can-tho_0950633,554.7901250000002
ho-chi-minh_0317939,554.4452500000002
an-giang_0359829,554.3705000000002
đong-nai_0375762,554.3261249999998
can-tho_3540820,554.133875
ho-chi-minh_3633169,554.0276250000001
an-giang_3545498,554.0185
soc-trang_3599025,553.8880000000003
ho-chi-minh_3557245,553.0559999999999
ho-chi-minh_0334155,552.9279999999998
đong-nai_0963095,552.8596249999997
ho-chi-minh_0993767,552.7785000000002
an-giang_0331278,552.2879999999999
an-giang_3637783,552.2483750000004
an-giang_3500520,552.2252499999997
an-giang_3519405,552.1691249999999
ho-chi-minh_0326196,551.8505000000004
ho-chi-minh_3570947,551.3600000000001
vinh-long_0325587,550.9760000000001
ho-chi-minh_0330210,550.7892500000005
ben-tre_3501108,550.7864999999999
an-giang_0350232,550.6239999999999
vinh-long_0330536,550.5728750000002
can-tho_0363855,550.3768749999998
đong-nai_0315851,550.3035000000002
đong-nai_3633335,550.1357500000003
an-giang_3650982,550.0208750000003
can-tho_0301722,549.7192499999999
ho-chi-minh_3598449,549.3917499999998
ho-chi-minh_3640124,549.3915000000001
can-tho_3637773,549.1076249999998
an-giang_3611516,548.7078749999998
an-giang_3502550,548.6400000000002
can-tho_0987551,548.6274999999999
ho-chi-minh_3650282,548.5867499999999
ben-tre_0940049,548.5702500000002
ho-chi-minh_3552402,548.5439999999998
ben-tre_3560127,548.3788749999998
an-giang_3552125,548.1492500000003
đong-nai_3517252,547.9252499999998
ho-chi-minh_3544043,547.6425000000005
đong-nai_3567672,547.637
can-tho_3546809,547.454125
an-giang_3633238,547.3186249999998
ho-chi-minh_0320158,547.1647500000003
hau-giang_0997201,546.9903750000001
ho-chi-minh_0909194,546.9830000000002
can-tho_3585026,546.6692500000001
ho-chi-minh_0333650,546.6320000000003
long-an_3511357,546.4302500000003
an-giang_3561268,546.426875
ho-chi-minh_0351444,546.3346249999998
đong-nai_0357617,546.1119999999999
ho-chi-minh_3610171,546.0220000000004
ho-chi-minh_0999620,545.7173750000002
ben-tre_0373205,545.6466250000001
ho-chi-minh_3650127,545.427625
ho-chi-minh_0321428,545.3183750000001
đong-nai_3508063,545.2278750000002
vinh-long_0320155,545.21725
an-giang_3504343,544.864
ho-chi-minh_3549968,544.2665000000004
vinh-long_3501111,544.1092500000001
vinh-long_3521256,543.7120000000003
ho-chi-minh_0357790,543.6781249999999
an-giang_3631482,543.4998750000002
hau-giang_0303741,543.488
ben-tre_3535765,543.2317499999998
hau-giang_0330559,543.2248749999998
vinh-long_3528320,543.0376250000002
ho-chi-minh_0350374,542.5465
hau-giang_0993084,542.1460000000002
ho-chi-minh_3512867,541.7280000000002
ho-chi-minh_3563737,541.6786249999999
ho-chi-minh_3647571,541.5999999999998
ho-chi-minh_3646751,541.2817500000003
an-giang_0350051,541.1476250000002
ho-chi-minh_0943656,540.9958749999998
ho-chi-minh_3508412,540.2052500000001
ho-chi-minh_0946997,539.9186250000001
an-giang_0984974,539.560125
ho-chi-minh_0933185,539.4240000000001
long-an_0304694,539.3943750000001
can-tho_0955720,539.3599999999999
can-tho_0314656,539.18025
an-giang_0371471,538.8024999999997
long-an_3600470,538.752
hau-giang_3615199,538.6406249999999
vinh-long_3633891,538.5572500000002
ben-tre_0320855,538.4477500000003
ho-chi-minh_3632460,538.4467499999997
hau-giang_0995235,538.3636249999998
ho-chi-minh_0355987,538.2783750000002
đong-nai_3608255,538.1760000000003
can-tho_3502392,538.173
an-giang_0952138,537.9266250000002
ho-chi-minh_3567719,537.6745000000002
đong-nai_3645343,537.5393749999997
long-an_0332657,537.4424999999999
hau-giang_0324775,537.0420000000001
ho-chi-minh_0362816,536.7238750000001
can-tho_3574120,536.561125
can-tho_3566615,536.542625
an-giang_3500673,536.512
ho-chi-minh_3647855,536.4226249999996
ho-chi-minh_0937316,536.158125
ho-chi-minh_3611996,536.0881250000002
can-tho_3527271,536.0277499999999
ho-chi-minh_0349211,535.7729999999999
ho-chi-minh_3579967,534.007
ho-chi-minh_0917219,533.4904999999999
ho-chi-minh_3531374,533.4163749999998
ho-chi-minh_3535997,533.1520000000002
ho-chi-minh_3520961,532.248875
ho-chi-minh_0977855,532.1018749999998
ho-chi-minh_3625053,531.8105000000004
soc-trang_3645605,531.3305000000005
ho-chi-minh_3531698,531.2320000000003
ho-chi-minh_3573500,531.1652499999999
đong-nai_3648798,531.0720000000002
can-tho_0950380,531.0099999999996
hau-giang_3615201,530.9013749999999
long-an_3557379,530.752
ho-chi-minh_3516908,530.6847500000002
ho-chi-minh_3562553,530.5300000000003
ho-chi-minh_3558383,530.278625
vinh-long_3571874,529.952
ho-chi-minh_0932989,529.7650000000003
ho-chi-minh_3595269,529.6320000000001
vinh-long_3541577,529.12
an-giang_3613915,528.4185000000002
ho-chi-minh_3645481,528.4178749999999
ho-chi-minh_3631501,528.2163749999999
ho-chi-minh_0309333,528.1542500000002
vinh-long_0950544,527.5638749999999
an-giang_3559105,527.5076250000001
hau-giang_0350853,527.4290000000002
soc-trang_0372471,527.4239999999998
can-tho_3603492,527.262625
can-tho_0356040,526.8587499999999
ho-chi-minh_3526352,526.7441249999999
ho-chi-minh_0956674,526.619375
ho-chi-minh_0310049,526.56775
can-tho_3560997,526.51975
can-tho_3582572,525.8446250000002
ho-chi-minh_3516486,525.0742500000001
ho-chi-minh_0361675,525.019875
ho-chi-minh_3613615,524.7090000000002
đong-nai_3549930,524.4287499999999
ho-chi-minh_0979788,524.2879999999998
long-an_0349181,524.2543750000001
ho-chi-minh_0933365,524.1868749999999
ho-chi-minh_3504808,524.0946250000002
ben-tre_3571041,523.8689999999999
hau-giang_0331936,523.3558750000001
long-an_3633090,523.2111249999997
đong-nai_0315777,522.6560000000003
can-tho_3509246,522.4751249999999
an-giang_0362576,521.952
ho-chi-minh_3638707,521.8306250000004
long-an_3563757,521.2264999999999
an-giang_0325526,521.181375
an-giang_3504120,520.4205
ho-chi-minh_3526587,519.9145
ho-chi-minh_3645958,519.338375
can-tho_3648161,519.0207499999999
đong-nai_3642604,518.9346250000001
đong-nai_3638732,518.8858749999998
đong-nai_3611718,518.781
can-tho_0355786,518.5873750000002
đong-nai_0321574,518.528
đong-nai_0373503,517.8836249999997
hau-giang_0330676,517.2386249999998
ho-chi-minh_0909190,516.95175
đong-nai_3554676,516.6692500000001
hau-giang_3516917,516.45325
long-an_0333097,516.2036250000003
long-an_3574493,516.1336249999999
an-giang_0358209,516.1279999999999
vinh-long_0307665,514.8367499999999
can-tho_0306302,514.83175
can-tho_3540493,514.5600000000001
ho-chi-minh_3575724,514.5556250000001
đong-nai_3643708,514.4113750000004
ho-chi-minh_3510245,514.3896249999998
ho-chi-minh_3575522,514.03725
an-giang_0321538,513.8560000000002
an-giang_0970377,513.8560000000001
ben-tre_3650588,513.8331250000003
ho-chi-minh_3647125,513.6543750000001
ho-chi-minh_3650730,513.6366249999999
ben-tre_0997762,513.4103750000002
long-an_3647472,513.3705000000001
ho-chi-minh_3563683,513.2799999999999
can-tho_3586386,513.11925
ho-chi-minh_3598297,513.117625
an-giang_3631507,512.8557500000001
ho-chi-minh_3529533,512.698875
ho-chi-minh_3500378,512.6400000000001
đong-nai_3585925,512.4292499999999
ho-chi-minh_0963194,512.2141249999999
ho-chi-minh_3509738,511.45599999999996
ho-chi-minh_0361579,511.43725000000006
ho-chi-minh_0365573,511.40949999999987
vinh-long_3511771,510.4306249999998
can-tho_0376197,510.3997500000001
ho-chi-minh_3515620,509.9396249999998
vinh-long_3534109,509.91999999999985
can-tho_0976803,509.9142499999999
đong-nai_3619282,509.8605000000001
vinh-long_0309176,509.02125
ho-chi-minh_3561395,508.818
ho-chi-minh_0373210,508.4159999999999
can-tho_0301542,508.41462499999994
ben-tre_3569733,507.16537499999987
ho-chi-minh_3500362,506.7798750000002
ho-chi-minh_0327498,506.72
can-tho_0356689,506.66700000000026
ho-chi-minh_0362057,506.1380000000002
soc-trang_0335480,506.112
đong-nai_3636676,505.7480000000001
ho-chi-minh_3564090,505.5732500000001
can-tho_3577037,505.248
ho-chi-minh_0996473,505.05175000000014
hau-giang_0317222,504.9407500000003
ho-chi-minh_3555825,503.8287500000002
ho-chi-minh_3613752,503.56449999999995
can-tho_3571805,503.41050000000007
ho-chi-minh_3647094,503.22462500000023
ho-chi-minh_3637730,503.2047500000001
an-giang_3531316,503.07725
ho-chi-minh_3637194,502.7186249999999
vinh-long_0349806,502.6560000000001
ben-tre_0366867,501.9597500000004
ho-chi-minh_0303373,501.77299999999997
can-tho_3648624,501.29912500000006
can-tho_0377030,501.1972500000004
ho-chi-minh_0336600,500.5451250000002
ben-tre_0304749,499.8080000000001
ho-chi-minh_3573743,499.67287500000003
hau-giang_0364357,499.63212499999986
an-giang_0369677,499.21412499999985
an-giang_0994347,498.84912500000013
đong-nai_3620459,498.8025000000001
ho-chi-minh_0358070,498.5531249999998
an-giang_0363996,498.3997499999999
ben-tre_3594806,498.37462500000004
can-tho_3580358,498.3211249999998
ho-chi-minh_0329888,497.74262500000003
can-tho_3570788,496.793125
ho-chi-minh_0991291,496.73599999999976
ho-chi-minh_3630285,496.4570000000002
ho-chi-minh_0963159,496.3656250000002
ho-chi-minh_3648170,495.85
an-giang_3637782,495.81987500000014
ho-chi-minh_3634897,494.7076249999999
ho-chi-minh_3568710,494.16037500000004
ho-chi-minh_3575427,494.12199999999973
ho-chi-minh_3505997,494.0372499999999
ho-chi-minh_0937657,493.72225
ho-chi-minh_3646268,493.6640000000002
long-an_3504523,493.61825000000016
hau-giang_0309591,493.504
an-giang_3533661,493.4340000000001
ho-chi-minh_3520882,493.024
ho-chi-minh_3501265,492.9225000000001
ho-chi-minh_3568749,492.8306249999999
ho-chi-minh_3591918,492.6331250000002
ho-chi-minh_3651395,492.54400000000015
ho-chi-minh_3600386,491.7457499999998
vinh-long_3511658,490.87037499999997
an-giang_0949994,489.935
ho-chi-minh_0371185,489.2505000000002
can-tho_0310510,489.2449999999999
soc-trang_3568564,489.08874999999983
ho-chi-minh_3565318,488.66137500000013
ho-chi-minh_3564291,487.8720000000003
ho-chi-minh_0333824,487.7656250000001
an-giang_0984950,487.21462499999996
ho-chi-minh_0909241,486.6063749999999
ho-chi-minh_3650304,486.30649999999997
đong-nai_3622501,486.0494999999997
ho-chi-minh_0361194,486.01599999999996
ben-tre_0307240,485.70075000000014
ho-chi-minh_3649261,485.38225000000006
an-giang_3652070,485.19725000000017
ho-chi-minh_0371011,484.79312500000003
soc-trang_3623260,484.36862499999995
an-giang_3623923,484.093375
an-giang_0351034,483.9305
an-giang_3566833,483.3092499999997
an-giang_0321122,483.29687500000006
an-giang_3648160,483.17025
can-tho_0314881,482.9120000000001
ho-chi-minh_3531779,482.90237500000006
an-giang_3605862,482.4118750000002
ben-tre_3548799,482.206625
ho-chi-minh_0369634,481.48087500000014
vinh-long_0954736,481.1012500000003
soc-trang_3649286,481.05050000000006
hau-giang_0324784,480.59725000000003
ho-chi-minh_3649895,479.76662500000015
ho-chi-minh_3625429,479.254625
an-giang_3631998,479.0735000000001
soc-trang_0327596,479.06462500000004
ho-chi-minh_3649214,479.03062500000004
ho-chi-minh_3608098,478.5612500000001
hau-giang_3511675,477.8386250000002
ho-chi-minh_0371688,477.11150000000026
an-giang_0325521,476.3906250000001
ben-tre_3502071,476.38100000000014
ho-chi-minh_0368796,476.05687499999993
ho-chi-minh_3586425,475.8080000000001
đong-nai_0367544,475.73187499999995
ho-chi-minh_3529346,473.5586249999999
an-giang_0362327,473.1167500000002
an-giang_0329042,473.11487499999987
can-tho_0317570,473.09462499999995
can-tho_0366071,472.47837500000014
can-tho_0310512,472.2888749999998
đong-nai_3619324,471.87862500000017
ho-chi-minh_0981635,471.3983750000001
hau-giang_3620899,470.7837499999998
vinh-long_0935513,470.3048749999998
can-tho_0301004,469.9716249999999
long-an_3502538,469.2480000000001
an-giang_0330634,469.18162500000005
an-giang_3503236,469.17437500000005
ho-chi-minh_3641750,469.09662500000024
ho-chi-minh_3644815,469.01449999999994
soc-trang_0359335,468.9920000000001
ho-chi-minh_3648305,468.7305000000002
ho-chi-minh_0313166,468.5440000000002
ho-chi-minh_3566363,467.98625
soc-trang_3621139,467.9178750000001
ho-chi-minh_3502421,467.37524999999994
ho-chi-minh_0335567,467.3266249999999
ho-chi-minh_0315357,466.95725
ho-chi-minh_3622536,466.8811250000002
đong-nai_3615588,466.39837500000004
ho-chi-minh_3528519,466.03175
ho-chi-minh_3556948,466.0116250000001
hau-giang_0988640,465.94325000000026
ben-tre_3634311,465.60000000000014
ho-chi-minh_3648087,465.57012500000013
đong-nai_3528568,465.2141250000001
an-giang_3548643,465.11975
soc-trang_3623263,465.06650000000013
an-giang_3580364,464.8623750000001
ho-chi-minh_3585499,464.02874999999995
ho-chi-minh_0320772,463.8957500000002
soc-trang_3651376,462.5266250000003
long-an_3587819,462.3332500000002
ho-chi-minh_0356360,460.7332500000001
an-giang_3646994,460.30624999999986
ho-chi-minh_3625400,460.27812500000005
ho-chi-minh_0356369,460.07150000000024
ben-tre_3530493,459.5909999999999
ho-chi-minh_0364356,459.51037500000007
an-giang_0324839,458.3385
ho-chi-minh_0376108,458.11200000000025
ho-chi-minh_3648674,457.955875
ben-tre_3571900,457.91875000000016
ho-chi-minh_3635972,457.368875
ho-chi-minh_0369490,457.15199999999993
an-giang_0988994,456.48212500000005
vinh-long_3504314,456.350625
ben-tre_3608164,455.4276250000001
đong-nai_0350799,455.222375
ho-chi-minh_3636837,455.0383750000001
can-tho_0934493,454.566375
ho-chi-minh_3540749,454.18549999999993
an-giang_3530406,453.6845
can-tho_0300445,453.49137500000006
an-giang_3571118,453.2185
hau-giang_3550278,452.66925
can-tho_3540739,452.4376250000001
soc-trang_3516045,450.138625
ho-chi-minh_0358551,449.5837500000002
soc-trang_3514870,449.36662500000017
đong-nai_0945302,449.23812499999997
hau-giang_0371669,449.01462499999985
vinh-long_3633824,448.716
ho-chi-minh_3626877,448.5120000000001
can-tho_0307961,448.05325000000016
ho-chi-minh_0334229,447.2783750000003
an-giang_0951127,447.08662500000025
ho-chi-minh_0356346,446.5597500000001
vinh-long_0320934,444.48249999999996
ho-chi-minh_0336170,444.15925
can-tho_3605861,443.9170000000002
đong-nai_3640418,443.44412499999993
an-giang_3614429,443.3599999999999
an-giang_3611794,443.2251249999997
can-tho_0988567,443.15825
ho-chi-minh_3570765,442.79587500000036
an-giang_0331474,442.5007499999999
can-tho_0329430,441.0056250000001
long-an_3646141,440.91700000000014
ho-chi-minh_3521502,440.7821249999999
ho-chi-minh_3564338,440.63787499999984
hau-giang_0324761,440.62899999999996
vinh-long_3641610,440.1354999999999
an-giang_0328514,439.3145
ben-tre_0336666,438.728375
ben-tre_0319049,438.3350000000003
ho-chi-minh_3597589,437.44574999999986
ben-tre_3634563,437.21437500000013
an-giang_3609369,436.98262500000016
ho-chi-minh_0936182,436.59862500000014
can-tho_0358599,436.41600000000005
ben-tre_3647055,435.9677500000001
ho-chi-minh_3647784,435.8612500000002
long-an_3567723,435.4447500000003
soc-trang_0329450,434.973
vinh-long_0321544,434.23587499999996
ho-chi-minh_0300192,433.9812500000003
long-an_3644852,433.47487500000017
ho-chi-minh_3552511,433.1158750000003
an-giang_0306862,433.0146249999999
can-tho_3526716,431.3920000000001
ho-chi-minh_3625526,431.0659999999998
ho-chi-minh_3631586,430.694375
ho-chi-minh_3605025,429.5412500000003
an-giang_3569188,429.33187500000025
ho-chi-minh_3648012,428.574625
ho-chi-minh_3593127,428.43812500000007
ho-chi-minh_3548669,428.17575
ho-chi-minh_0329244,427.80337500000036
vinh-long_0358568,427.2728750000003
hau-giang_3544106,427.0651249999999
an-giang_0984975,426.82874999999984
ho-chi-minh_3637553,426.2207500000002
ben-tre_3642463,426.11762500000026
vinh-long_0988635,426.0626250000001
can-tho_3564089,425.78925000000004
ho-chi-minh_0361574,425.76
ho-chi-minh_3615593,424.8640000000002
an-giang_0321488,424.7892499999999
vinh-long_3637780,421.4365000000002
can-tho_3594572,421.08749999999986
hau-giang_0950669,420.7572500000003
vinh-long_3598207,418.91312500000004
ben-tre_3620801,418.8756250000002
ho-chi-minh_3620988,418.0463750000002
ho-chi-minh_0324554,418.03725
hau-giang_3549885,417.470625
hau-giang_0375437,416.4160000000001
long-an_0366013,416.0425
ben-tre_0332430,414.84800000000007
vinh-long_3622104,411.5200000000002
vinh-long_0357820,411.26400000000007
đong-nai_3539480,410.8198749999999
hau-giang_3624324,410.778
ho-chi-minh_0996266,410.4306250000002
hau-giang_0985039,409.5956249999999
can-tho_0329445,409.4466249999998
can-tho_3501435,408.9426250000001
ho-chi-minh_0360054,408.3866250000001
vinh-long_0373474,408.386125
an-giang_0330787,408.32000000000005
ho-chi-minh_3643192,407.8557500000001
đong-nai_3557185,407.72774999999996
ho-chi-minh_3625755,406.97600000000034
ho-chi-minh_3581797,405.68475
can-tho_0954944,405.35062500000004
long-an_3648182,404.37025000000017
an-giang_3629146,403.9153750000001
soc-trang_3572123,400.44537500000007
an-giang_0313759,397.728
long-an_0998936,397.36774999999994
ho-chi-minh_0306411,397.28674999999987
vinh-long_0329241,396.8713750000001
soc-trang_0941230,396.44775000000016
ho-chi-minh_0989429,396.4171250000002
đong-nai_3552468,396.336125
vinh-long_3503174,396.11012500000015
ho-chi-minh_3508804,395.86325000000005
hau-giang_3512770,395.853
ho-chi-minh_3530831,394.09387500000014
ben-tre_3570583,393.9412499999998
ho-chi-minh_3565585,393.593125
ho-chi-minh_0354425,393.4397499999999
can-tho_3586396,393.0557499999999
ho-chi-minh_3600393,392.38875
ho-chi-minh_3613823,392.33775000000014
long-an_3625667,390.17575000000016
can-tho_0361668,388.72950000000003
ho-chi-minh_3501799,387.4132500000001
ho-chi-minh_3649876,387.097625
ho-chi-minh_3552418,386.89187499999997
can-tho_3508175,386.2474999999999
ho-chi-minh_3644595,386.02649999999994
an-giang_0330514,385.8122499999999
ho-chi-minh_0349173,384.7926250000001
ho-chi-minh_3603659,384.0753749999999
ho-chi-minh_3595135,383.2930000000001
ho-chi-minh_3575674,383.1777499999999
ho-chi-minh_3644353,383.11787500000014
an-giang_0362303,381.89112500000016
hau-giang_3645169,379.49187499999994
vinh-long_3643233,379.1680000000002
ho-chi-minh_3649253,379.14374999999984
can-tho_3512853,379.03362500000026
ho-chi-minh_3632669,378.5266250000001
an-giang_0942478,378.28975
vinh-long_0367791,377.02887500000014
ho-chi-minh_3582570,376.2880000000001
ho-chi-minh_3637528,374.8938750000001
ben-tre_0978929,374.6932500000002
ho-chi-minh_3524102,374.3155000000001
an-giang_3629061,372.96662499999985
ho-chi-minh_0321447,371.6480000000002
ho-chi-minh_3634394,364.2506250000001
hau-giang_0321124,361.3515000000001
can-tho_0316067,360.864
can-tho_3502362,360.79012500000016
can-tho_0982278,360.5266249999999
ho-chi-minh_3561396,354.3586250000002
ben-tre_0320899,352.9311249999999
vinh-long_3605685,351.55199999999996
hau-giang_3543598,350.79712500000005
an-giang_0934396,349.34075000000007
an-giang_3541870,348.83199999999994
ho-chi-minh_0993130,345.85600000000005
vinh-long_3636702,345.2786250000002
ho-chi-minh_3632010,344.4800000000001
ho-chi-minh_3574130,340.0133750000001
an-giang_0324769,338.80887500000017
an-giang_0331461,338.1288750000001
ho-chi-minh_3605791,337.01574999999997
ho-chi-minh_0966631,333.63125
vinh-long_3507703,333.4463750000001
ho-chi-minh_0360897,333.2706250000001
ho-chi-minh_3512337,332.12562499999996
an-giang_3616744,328.0508749999998
đong-nai_0355275,327.47600000000006
an-giang_3503134,326.45287499999995
đong-nai_3600892,322.5280000000001
can-tho_3545064,320.80812500000013
ho-chi-minh_0362888,320.52475000000004
ho-chi-minh_3518432,319.5802500000001
an-giang_3500633,319.28749999999997
soc-trang_0950551,315.699875
hau-giang_0310224,314.79975
long-an_3574845,312.8465
can-tho_3519665,308.6080000000001
đong-nai_0321379,308.6049999999999
ho-chi-minh_0942372,307.3986250000001
ho-chi-minh_3506008,302.96475000000004
long-an_3560915,300.1713750000001
ho-chi-minh_3638633,297.590375
ho-chi-minh_3557164,293.9732499999999
ho-chi-minh_0983412,291.8399999999998
ho-chi-minh_3563793,291.1198750000001
hau-giang_0376040,290.08112499999993
an-giang_3520650,289.614125
ho-chi-minh_3606466,282.09987500000005
ho-chi-minh_3563394,277.41987500000005
ho-chi-minh_3647397,272.9465000000001
long-an_3630606,247.63700000000009
ho-chi-minh_0320740,242.31037500000008
ho-chi-minh_3613747,233.53687500000004
ho-chi-minh_0931102,177.13225000000006
vinh-long_0364244,160.76799999999986
ho-chi-minh_3557738,94.72000000000003
ho-chi-minh_3549814,92.42337500000002
ho-chi-minh_0320801,85.7805
an-giang_3507455,76.66124999999998
ho-chi-minh_3636998,21.343999999999998
